commit	evidence_score	total_papers	status	description	timestamp
7ac95a3	0.000000	0	failed	claude-proposed	2026-03-21T09:19:14Z
a4bfecf	0.000738	88	improved	claude-proposed	2026-03-21T09:25:55Z
70ea28d	0.001594	226	improved	claude-proposed	2026-03-21T09:48:46Z
fcd8c4f	0.000180	89	no_improvement	claude-proposed	2026-03-21T09:54:19Z
40c1e67	0.000288	98	no_improvement	claude-proposed	2026-03-21T10:06:22Z
6deae1f	0.000260	39	no_improvement	claude-proposed	2026-03-21T10:10:29Z
fa4220a	0.000000	56	failed	claude-proposed	2026-03-21T10:25:01Z
3b16d14	0.000955	31	no_improvement	claude-proposed	2026-03-21T10:31:36Z
8ff34ea	0.019358	28	improved	claude-proposed	2026-03-21T10:37:34Z
3c3bbb2	0.031325	22	improved	claude-proposed	2026-03-21T10:43:43Z
0c87a19	0.000000	28	failed	claude-proposed	2026-03-21T10:46:25Z
6f78a03	0.000000	27	failed	claude-proposed	2026-03-21T11:01:36Z
0e2b1e1	0.011404	35	no_improvement	claude-proposed	2026-03-21T11:03:53Z
89bba86	0.015733	21	no_improvement	claude-proposed	2026-03-21T11:28:14Z
b8792cb	0.003090	22	no_improvement	claude-proposed	2026-03-21T11:33:39Z
66dfe84	0.011394	19	no_improvement	claude-proposed	2026-03-21T11:35:48Z
c3d925e	0.000000	34	failed	claude-proposed	2026-03-21T11:43:26Z
170ba38	0.007836	22	no_improvement	claude-proposed	2026-03-21T11:49:48Z
f93c5fc	0.003139	22	no_improvement	claude-proposed	2026-03-21T11:55:33Z
79373e7	0.000673	24	no_improvement	claude-proposed	2026-03-21T12:04:05Z
f00a584	0.014187	86	no_improvement	claude-proposed	2026-03-21T12:23:32Z
5938079	0.022025	69	no_improvement	claude-proposed	2026-03-21T12:43:46Z
19415af	0.011425	80	no_improvement	claude-proposed	2026-03-21T12:59:00Z
ccc18c5	0.017843	71	no_improvement	claude-proposed	2026-03-21T13:49:36Z
1ee318c	0.009471	84	no_improvement	claude-proposed	2026-03-21T14:16:02Z
c515feb	0.023704	55	no_improvement	claude-proposed	2026-03-21T14:49:55Z
f6720c6	0.029390	53	no_improvement	claude-proposed	2026-03-21T15:15:55Z
324c210	0.023386	82	no_improvement	claude-proposed	2026-03-21T15:20:07Z
1af50ef	0.013165	66	no_improvement	claude-proposed	2026-03-21T15:46:45Z
add2f42	0.024753	62	no_improvement	claude-proposed	2026-03-21T16:03:55Z
b526f69	0.014484	65	no_improvement	claude-proposed	2026-03-21T16:48:59Z
4cd460d	0.022243	67	no_improvement	claude-proposed	2026-03-21T17:16:00Z
da5177f	0.013926	69	no_improvement	claude-proposed	2026-03-21T17:48:17Z
7a389d9	0.022584	81	no_improvement	claude-proposed	2026-03-21T18:03:50Z
5d3b08c	0.009552	70	no_improvement	claude-proposed	2026-03-21T18:53:23Z
8df0e0a	0.020001	78	no_improvement	claude-proposed	2026-03-21T19:30:10Z
bc673a9	0.031327	58	improved	claude-proposed	2026-03-21T19:50:04Z
6bd08eb	0.022117	60	no_improvement	claude-proposed	2026-03-21T20:02:47Z
f2ce9ef	0.017813	62	no_improvement	claude-proposed	2026-03-21T20:41:05Z
c3f3ca5	0.012343	81	no_improvement	claude-proposed	2026-03-21T21:01:13Z
e1e9c28	0.014162	83	no_improvement	claude-proposed	2026-03-21T21:36:56Z
7bd5c9f	0.018821	68	no_improvement	claude-proposed	2026-03-21T21:57:23Z
1a0fe8f	0.021289	67	no_improvement	claude-proposed	2026-03-21T22:32:07Z
0e170ad	0.010778	85	no_improvement	claude-proposed	2026-03-21T22:57:02Z
7d0f557	0.030452	73	no_improvement	claude-proposed	2026-03-21T23:31:17Z
c9f0057	0.012619	75	no_improvement	claude-proposed	2026-03-21T23:54:21Z
3e229c1	0.022146	63	no_improvement	claude-proposed	2026-03-22T02:37:02Z
25b6dd8	0.012198	93	no_improvement	claude-proposed	2026-03-22T04:35:50Z
3434239	0.018309	95	no_improvement	claude-proposed	2026-03-22T05:43:15Z
fdcdcf4	0.026109	61	no_improvement	claude-proposed	2026-03-22T06:36:09Z
e5dc70f	0.018781	80	no_improvement	claude-proposed	2026-03-22T07:27:55Z
a1e271a	0.015164	72	no_improvement	claude-proposed	2026-03-22T07:37:56Z
721606d	0.045484	101	improved	claude-proposed	2026-03-22T07:44:02Z
c9cc89d	0.031503	103	no_improvement	claude-proposed	2026-03-22T07:59:23Z
82a03cb	0.035648	106	no_improvement	claude-proposed	2026-03-22T08:51:24Z
caeb6c2	0.032668	99	no_improvement	claude-proposed	2026-03-22T09:20:57Z
a435964	0.025617	107	no_improvement	claude-proposed	2026-03-22T09:54:56Z
8f7d425	0.024837	95	no_improvement	claude-proposed	2026-03-22T10:33:56Z
